Marcus Sanchez, woman
Rebecca Johnson, man
Thomas Martin, woman
Ryan Mosley, woman
Hannah Benjamin, woman
Shawn Johnson, woman
Mark Stevenson, man
Tony Jenkins, man
Jennifer Price, man
Shawn Simpson, woman
Shawn Simpson, spouse, Shawn Johnson
Thomas Martin, spouse, Shawn Simpson
Marcus Sanchez, mother, Mark Stevenson
Shawn Johnson, mother, Hannah Benjamin
Marcus Sanchez, mother, Jennifer Price
Mark Stevenson, spouse, Marcus Sanchez
Shawn Simpson, spouse, Thomas Martin
Shawn Johnson, spouse, Thomas Martin
Marcus Sanchez, mother, Shawn Simpson
Tony Jenkins, spouse, Jennifer Price
Tony Jenkins, spouse, Mark Stevenson
Thomas Martin, spouse, Marcus Sanchez
Shawn Johnson, mother, Thomas Martin
Ryan Mosley, spouse, Mark Stevenson
Hannah Benjamin, spouse, Rebecca Johnson
Tony Jenkins, father, Mark Stevenson
Rebecca Johnson, spouse, Mark Stevenson
Shawn Johnson, mother, Ryan Mosley
Tony Jenkins, father, Thomas Martin
Mark Stevenson, spouse, Thomas Martin
Marcus Sanchez, mother, Hannah Benjamin
Shawn Johnson, spouse, Shawn Simpson
