Stacy Murillo, woman
Rachel Drake DVM, man
David Macias, woman
Joshua Williams, woman
Tasha French, man
Amanda Hall, woman
Karina Pearson, man
Carolyn Johnson, woman
Brad Adams, woman
Travis Johnson, man
Peter Moore, woman
Robert Robinson, woman
Frank Anderson, woman
Mary Griffith, man
Thomas Bullock, man
Travis Christian, man
Tammy Baker, woman
Timothy Foster, man
Betty Young, man
Shannon Kramer, man
Joshua Holmes, man
Frank Gay, woman
Lynn Martin, woman
Tiffany Hunt, woman
Michael Ramirez, woman
Brooke Ortiz, woman
Connie Sparks MD, woman
Joel Wheeler, man
Jennifer Chavez, man
Andrew Romero, woman
Christina Cowan, man
Isaac Ryan, man
Steven Mitchell, man
Edward Becker, woman
Mr. Brandon Rowe MD, woman
Jennifer Gutierrez, man
Alan Lowery, woman
Leslie Carr, woman
Jordan Rasmussen, woman
Michelle Martin, woman
Thomas Cortez, woman
Taylor Allen, woman
Carl Coffey, man
Brianna Cortez, woman
Charles Long, man
Vanessa Trujillo, woman
Tammy Maldonado, woman
Robert Rios, man
Latoya Waters, man
Alison Thompson, woman
Jonathan Rodriguez, woman
Marissa Fletcher, man
Philip Mayo, woman
Ronnie Gill, woman
James Williams, woman
Peggy Stark, woman
Kevin Bailey, man
Julie White, man
Daniel Hodges II, woman
Allen Lyons, man
Crystal Morton, man
Eric Huffman, man
Melissa Smith, woman
Carrie Barnes, man
Randy Vazquez, man
Cheryl Wilkerson, man
Gary Thompson MD, man
Timothy Hayden, man
Beth Flores, woman
Gabrielle Davis, woman
Corey Zimmerman, woman
Troy Burke, man
Deborah Murphy, man
Kara Alvarez, woman
Gina Taylor, woman
Paul Greer, man
Travis Espinoza, man
Ronald Durham, woman
Christian Alvarez, man
Raymond Morales, man
Shari Rogers, woman
Jason Contreras, man
William Peterson, man
John Williams, woman
Kevin Cervantes, woman
Michelle Rhodes, woman
John Owens, man
John Carey, man
Larry Shaw, man
Annette Griffin, man
Nicole Hart, woman
Robin Holloway, man
Crystal Roy, woman
Jessica Escobar, woman
Michael Turner, man
Charles Wilson, woman
Manuel King, woman
Jennifer Johnson, man
Karen Robinson, woman
Gail Gould, man
Isaac Ryan, spouse, Stacy Murillo
John Carey, father, Leslie Carr
Travis Espinoza, father, Travis Johnson
Michelle Martin, spouse, Frank Gay
Kevin Bailey, father, Jennifer Johnson
Brianna Cortez, spouse, Ronnie Gill
Corey Zimmerman, mother, Peggy Stark
Timothy Hayden, spouse, Julie White
David Macias, spouse, Thomas Cortez
Lynn Martin, spouse, Daniel Hodges II
Jennifer Gutierrez, spouse, Crystal Morton
Philip Mayo, spouse, Michelle Martin
Randy Vazquez, father, Peggy Stark
Carolyn Johnson, spouse, Charles Wilson
Michelle Rhodes, mother, Nicole Hart
Christina Cowan, father, William Peterson
Gina Taylor, spouse, Timothy Hayden
Amanda Hall, spouse, Connie Sparks MD
Edward Becker, spouse, Jason Contreras
Andrew Romero, mother, Peggy Stark
Andrew Romero, mother, Michael Ramirez
Gabrielle Davis, spouse, Raymond Morales
Charles Wilson, spouse, Jessica Escobar
Shannon Kramer, spouse, Jordan Rasmussen
Tasha French, father, Gina Taylor
Jennifer Chavez, father, Michelle Martin
Larry Shaw, spouse, Christian Alvarez
Shari Rogers, mother, Carolyn Johnson
Marissa Fletcher, father, Cheryl Wilkerson
Andrew Romero, spouse, Karina Pearson
Michelle Rhodes, mother, Michael Ramirez
Charles Wilson, spouse, Jessica Escobar
Annette Griffin, father, Jonathan Rodriguez
Jordan Rasmussen, spouse, David Macias
Tiffany Hunt, spouse, Gina Taylor
John Owens, father, Deborah Murphy
Taylor Allen, spouse, Ronnie Gill
Carrie Barnes, father, Robert Robinson
Jessica Escobar, mother, Jonathan Rodriguez
Jennifer Chavez, father, Latoya Waters
Randy Vazquez, spouse, Beth Flores
Rachel Drake DVM, spouse, Carrie Barnes
Jordan Rasmussen, spouse, Thomas Cortez
Jason Contreras, father, Allen Lyons
Jennifer Johnson, spouse, Joshua Holmes
Betty Young, spouse, Jennifer Johnson
William Peterson, spouse, Latoya Waters
Michael Ramirez, spouse, Joshua Williams
Randy Vazquez, spouse, Crystal Morton
Corey Zimmerman, mother, Travis Johnson
Troy Burke, spouse, Beth Flores
Taylor Allen, spouse, Michelle Rhodes
Philip Mayo, spouse, Gina Taylor
Randy Vazquez, spouse, Stacy Murillo
Mary Griffith, spouse, Jason Contreras
Andrew Romero, spouse, Nicole Hart
Troy Burke, father, Michael Turner
Shannon Kramer, father, Rachel Drake DVM
Betty Young, spouse, Nicole Hart
Jordan Rasmussen, mother, Tammy Maldonado
Travis Johnson, father, Ronald Durham
Philip Mayo, spouse, Taylor Allen
Troy Burke, spouse, Paul Greer
Daniel Hodges II, spouse, Tasha French
Christian Alvarez, spouse, Peter Moore
Crystal Morton, spouse, Kevin Cervantes
Rachel Drake DVM, spouse, Nicole Hart
Tiffany Hunt, mother, Brad Adams
Daniel Hodges II, spouse, Timothy Foster
Nicole Hart, spouse, Peggy Stark
Carolyn Johnson, spouse, Michelle Rhodes
Michelle Martin, spouse, Alan Lowery
Eric Huffman, spouse, Ronald Durham
Jessica Escobar, mother, Timothy Foster
Shannon Kramer, spouse, Timothy Hayden
Robert Robinson, spouse, Travis Christian
Crystal Morton, spouse, Peter Moore
Brooke Ortiz, spouse, Joel Wheeler
Mary Griffith, spouse, Andrew Romero
Brad Adams, mother, Kevin Cervantes
Frank Anderson, spouse, Shari Rogers
Thomas Cortez, spouse, Timothy Hayden
Crystal Morton, spouse, Travis Johnson
Andrew Romero, spouse, Lynn Martin
Travis Johnson, spouse, Allen Lyons
Allen Lyons, spouse, James Williams
Christina Cowan, father, Gail Gould
James Williams, mother, Philip Mayo
Frank Gay, spouse, Mary Griffith
Paul Greer, spouse, Michael Turner
Deborah Murphy, spouse, Rachel Drake DVM
Jessica Escobar, mother, Thomas Bullock
Tiffany Hunt, spouse, Mr. Brandon Rowe MD
Tammy Baker, mother, Timothy Foster
Michael Turner, spouse, John Carey
Brad Adams, mother, John Williams
Paul Greer, spouse, Frank Gay
Joel Wheeler, spouse, Corey Zimmerman
Gina Taylor, spouse, Paul Greer
Brianna Cortez, mother, Robert Robinson
Paul Greer, spouse, Latoya Waters
Larry Shaw, spouse, Jennifer Johnson
Michael Turner, father, Peggy Stark
Gail Gould, spouse, Joel Wheeler
Shannon Kramer, spouse, Robin Holloway
Alison Thompson, spouse, Crystal Morton
Joshua Williams, spouse, Manuel King
Gail Gould, father, Alan Lowery
Allen Lyons, spouse, Lynn Martin
Karina Pearson, spouse, Annette Griffin
Cheryl Wilkerson, spouse, Randy Vazquez
Jennifer Johnson, father, Michelle Martin
Timothy Foster, father, Peggy Stark
Raymond Morales, father, Troy Burke
Steven Mitchell, father, Peggy Stark
Shari Rogers, spouse, Cheryl Wilkerson
Shannon Kramer, father, Steven Mitchell
Marissa Fletcher, father, Connie Sparks MD
Timothy Hayden, spouse, Robin Holloway
Jennifer Chavez, father, Manuel King
Latoya Waters, father, Deborah Murphy
Travis Espinoza, father, Brooke Ortiz
Mr. Brandon Rowe MD, spouse, Carl Coffey
Daniel Hodges II, spouse, Peggy Stark
Latoya Waters, spouse, Thomas Cortez
Julie White, spouse, John Williams
Larry Shaw, spouse, Tammy Baker
Frank Anderson, mother, Leslie Carr
Jonathan Rodriguez, spouse, Gabrielle Davis
Raymond Morales, spouse, Taylor Allen
Travis Espinoza, father, Carolyn Johnson
John Owens, spouse, Annette Griffin
Jason Contreras, father, Julie White
Brad Adams, spouse, Daniel Hodges II
John Carey, father, Charles Long
John Williams, spouse, Kevin Cervantes
Thomas Cortez, spouse, Daniel Hodges II
Tiffany Hunt, spouse, Charles Long
Carl Coffey, spouse, Tammy Maldonado
Manuel King, mother, Allen Lyons
Christina Cowan, spouse, Carrie Barnes
Carrie Barnes, father, Kevin Cervantes
Melissa Smith, mother, Kara Alvarez
Philip Mayo, spouse, Julie White
Rachel Drake DVM, spouse, Brad Adams
Frank Gay, spouse, Michelle Martin
Travis Espinoza, spouse, Jennifer Chavez
Beth Flores, spouse, Alison Thompson
Carolyn Johnson, spouse, Joel Wheeler
Christina Cowan, spouse, Joshua Williams
Michelle Martin, mother, Joshua Williams
Crystal Morton, spouse, Thomas Cortez
Betty Young, spouse, Manuel King
Tammy Baker, spouse, Lynn Martin
Joshua Holmes, spouse, Melissa Smith
Ronnie Gill, mother, Philip Mayo
Thomas Bullock, father, Nicole Hart
Crystal Roy, spouse, Leslie Carr
Joshua Holmes, spouse, Andrew Romero
Robert Robinson, spouse, Jonathan Rodriguez
Amanda Hall, spouse, Manuel King
Peggy Stark, spouse, James Williams
Timothy Foster, father, Leslie Carr
Travis Christian, spouse, Annette Griffin
Manuel King, spouse, Thomas Bullock
Jordan Rasmussen, spouse, Alison Thompson
Michael Turner, spouse, Philip Mayo
Kevin Cervantes, spouse, Beth Flores
Michael Turner, father, Latoya Waters
Shari Rogers, mother, Jonathan Rodriguez
Tammy Maldonado, spouse, Annette Griffin
Randy Vazquez, father, John Owens
Raymond Morales, father, Julie White
Lynn Martin, mother, Carl Coffey
Jennifer Chavez, spouse, Michelle Rhodes
Crystal Morton, father, Leslie Carr
Peggy Stark, spouse, Betty Young
James Williams, spouse, John Carey
Peggy Stark, spouse, Gina Taylor
Allen Lyons, spouse, Timothy Hayden
Nicole Hart, spouse, Michelle Rhodes
Michelle Martin, mother, Ronald Durham
Stacy Murillo, spouse, Kevin Cervantes
Joshua Holmes, father, Tammy Maldonado
Frank Anderson, mother, Peggy Stark
Allen Lyons, spouse, Shannon Kramer
Mary Griffith, spouse, Christina Cowan
Kevin Bailey, father, Robin Holloway
Julie White, spouse, Kevin Bailey
Isaac Ryan, father, Peter Moore
Melissa Smith, mother, Robert Robinson
Travis Johnson, spouse, Thomas Bullock
Michelle Martin, spouse, Carrie Barnes
Eric Huffman, spouse, Joel Wheeler
Corey Zimmerman, spouse, Annette Griffin
Joel Wheeler, spouse, Travis Espinoza
Thomas Bullock, spouse, Frank Anderson
Timothy Foster, father, Kara Alvarez
Christina Cowan, father, Alan Lowery
Daniel Hodges II, spouse, Carolyn Johnson
Travis Christian, spouse, Michelle Rhodes
Edward Becker, spouse, Charles Long
Paul Greer, spouse, Joel Wheeler
Christina Cowan, spouse, Edward Becker
Tasha French, father, Travis Johnson
William Peterson, spouse, Troy Burke
Alison Thompson, spouse, Nicole Hart
Beth Flores, spouse, Amanda Hall
Steven Mitchell, father, William Peterson
Shannon Kramer, spouse, Latoya Waters
Jennifer Chavez, father, John Carey
Shari Rogers, mother, Thomas Cortez
Christian Alvarez, father, Tasha French
Gina Taylor, spouse, Michelle Martin
Kara Alvarez, spouse, Gail Gould
Jennifer Chavez, father, Shannon Kramer
Alan Lowery, mother, Brooke Ortiz
Connie Sparks MD, mother, Joshua Williams
Michael Ramirez, spouse, Kara Alvarez
Manuel King, spouse, Gary Thompson MD
Stacy Murillo, spouse, Frank Gay
Latoya Waters, spouse, Allen Lyons
Robin Holloway, spouse, Andrew Romero
Manuel King, spouse, Timothy Hayden
Larry Shaw, spouse, John Owens
Lynn Martin, mother, Latoya Waters
Tammy Baker, spouse, Kevin Cervantes
Joshua Williams, spouse, James Williams
Kevin Bailey, father, John Carey
Betty Young, spouse, Jessica Escobar
John Owens, spouse, Joel Wheeler
Larry Shaw, spouse, Travis Johnson
Shannon Kramer, father, Isaac Ryan
Paul Greer, spouse, Joshua Holmes
Philip Mayo, mother, Brooke Ortiz
Cheryl Wilkerson, father, Crystal Morton
Charles Long, spouse, Corey Zimmerman
Shannon Kramer, spouse, Stacy Murillo
Latoya Waters, father, Timothy Hayden
Robert Robinson, spouse, Timothy Foster
