Steffon Baratheon, man
Cassana Estermont, woman
Steffon Baratheon, spouse, Cassana Estermont
Steffon Baratheon, father, Robert Baratheon
Steffon Baratheon, father, Stannis Baratheon
Steffon Baratheon, father, Renly Baratheon
Cassana Estermont, mother, Robert Baratheon
Cassana Estermont, mother, Stannis Baratheon
Cassana Estermont, mother, Renly Baratheon
Robert Baratheon, man
Stannis Baratheon, man
Renly Baratheon, man
Cersei Lannister, woman
Robert Baratheon, spouse, Cersei Lannister
Robert Baratheon, father, Gendry
Gendry, man
Cersei Lannister, mother, Joffrey Baratheon
Cersei Lannister, mother, Myrcella Baratheon
Cersei Lannister, mother, Tommen Baratheon
Joffrey Baratheon, man
Myrcella Baratheon, woman
Tommen Baratheon, man
Selyse Baratheon, woman
Stannis Baratheon, spouse, Selyse Baratheon
Stannis Baratheon, father, Shireen Baratheon
Shireen Baratheon, woman
Selyse Baratheon, mother, Shireen Baratheon
Margaery Tyrell, woman
Renly Baratheon, spouse, Margaery Tyrell
